Model,Threshold,Precision,Recall,F1
Random Forest,0.1,0.7857142857142857,1.0,0.88
Random Forest,0.2,0.8422857142857143,1.0,0.9143920595533499
Random Forest,0.3,0.8921212121212121,0.9986431478968792,0.942381562099872
Random Forest,0.4,0.9312101910828026,0.9918588873812755,0.9605781865965834
Random Forest,0.5,0.9649595687331537,0.9715061058344641,0.9682217714672076
Random Forest,0.6,0.9762237762237762,0.9470827679782904,0.9614325068870524
Random Forest,0.7,0.9896907216494846,0.9118046132971506,0.9491525423728814
Random Forest,0.8,1.0,0.858887381275441,0.9240875912408759
Random Forest,0.9,1.0,0.76797829036635,0.8687643898695319
Gradient Boosting,0.1,0.8711583924349882,1.0,0.9311433986102338
Gradient Boosting,0.2,0.9121287128712872,1.0,0.9540453074433657
Gradient Boosting,0.3,0.9349489795918368,0.994572591587517,0.9638395792241946
Gradient Boosting,0.4,0.9578947368421052,0.9877883310719131,0.9726118904475618
Gradient Boosting,0.5,0.9743935309973046,0.9810040705563093,0.9776876267748479
Gradient Boosting,0.6,0.9848901098901099,0.9728629579375848,0.978839590443686
Gradient Boosting,0.7,0.9901129943502824,0.9511533242876526,0.970242214532872
Gradient Boosting,0.8,0.997080291970803,0.926729986431479,0.960618846694796
Gradient Boosting,0.9,1.0,0.8778833107191316,0.934971098265896
XGBoost,0.1,0.8520231213872832,1.0,0.920099875156055
XGBoost,0.2,0.9020807833537332,1.0,0.9485199485199485
XGBoost,0.3,0.9195979899497487,0.9932157394843962,0.9549902152641878
XGBoost,0.4,0.9442282749675746,0.9877883310719131,0.9655172413793104
XGBoost,0.5,0.9625167336010709,0.9755766621438263,0.9690026954177897
XGBoost,0.6,0.9752747252747253,0.9633649932157394,0.9692832764505119
XGBoost,0.7,0.9886039886039886,0.9416553595658074,0.9645587213342599
XGBoost,0.8,0.9955555555555555,0.9118046132971506,0.9518413597733711
XGBoost,0.9,1.0,0.8656716417910447,0.928
